name,age,street,city,state,zip,lng,lat
Patrick Long,37,31995 Yoder Park Apt. 614,South Christopherbury,Wisconsin,63052,-176.727755,-63.228606
Jessica Moon,77,3871 Davis Common Suite 653,Gomeztown,Mississippi,55181,165.266476,35.7763955
Patricia Bryant,39,67196 Harris Estate,Tanyaside,Arkansas,62927,-79.764319,-84.4720245
Daniel Hamilton,28,3908 Ashley Ports Suite 129,Lake Jared,Florida,11423,-136.197164,31.400185
Hayley Robertson,77,1075 Tucker Prairie Apt. 625,East Kelsey,New Mexico,28712,78.216936,43.6058815
Christopher Butler,53,077 Jesse Streets,North Jason,North Dakota,13718,-159.530508,36.2961915
Brittany Davis,25,5541 Kyle Walk,New Barbaramouth,Ohio,96431,145.318220,-24.3704045
David Hernandez,39,1707 Elizabeth Station Suite 882,Lake Anna,Maine,96552,-25.037690,49.0358575
Kristina Wright,74,124 Davis Canyon Suite 385,Dianaton,Delaware,78144,-76.194429,-61.985950
Natasha Jackson,45,25658 Luis Plain,South Kathleenview,Wyoming,33601,88.830635,61.082419
